timestep,agent,x-coord,y-coord
1,-1,7,27
1,0,7,26
1,1,8,27
1,2,7,28
1,3,7,28
1,4,5,8
1,5,5,6
1,6,5,6
1,7,4,7
1,8,0,50
1,9,1,50
1,10,0,50
1,11,1,50
2,-1,7,27
2,0,7,27
2,1,7,27
2,2,8,28
2,3,6,28
2,4,5,9
2,5,5,7
2,6,6,6
2,7,3,7
2,8,1,50
2,9,0,50
2,10,0,50
2,11,1,49
3,-1,7,27
3,0,7,26
3,1,7,26
3,2,8,29
3,3,6,29
3,4,6,9
3,5,5,8
3,6,6,5
3,7,3,8
3,8,1,49
3,9,0,49
3,10,0,49
3,11,2,49
4,-1,7,27
4,0,8,26
4,1,8,26
4,2,8,28
4,3,6,28
4,4,6,10
4,5,4,8
4,6,7,5
4,7,2,8
4,8,2,49
4,9,0,48
4,10,0,49
4,11,2,50
5,-1,7,27
5,0,9,26
5,1,7,26
5,2,9,28
5,3,6,27
5,4,6,9
5,5,4,7
5,6,7,6
5,7,2,7
5,8,2,48
5,9,0,48
5,10,0,49
5,11,2,50
6,-1,7,27
6,0,9,27
6,1,7,25
6,2,9,29
6,3,5,27
6,4,6,8
6,5,4,8
6,6,7,5
6,7,2,6
6,8,3,48
6,9,1,48
6,10,0,50
6,11,3,50
7,-1,7,27
7,0,9,26
7,1,6,25
7,2,10,29
7,3,6,27
7,4,6,9
7,5,4,9
7,6,8,5
7,7,3,6
7,8,4,48
7,9,1,49
7,10,1,50
7,11,3,50
8,-1,7,27
8,0,9,27
8,1,5,25
8,2,9,29
8,3,6,26
8,4,6,8
8,5,4,8
8,6,7,5
8,7,2,6
8,8,3,48
8,9,2,49
8,10,1,49
8,11,4,50
9,-1,5,27
9,0,9,28
9,1,6,25
9,2,8,29
9,3,6,27
9,4,6,9
9,5,3,8
9,6,8,5
9,7,3,6
9,8,2,48
9,9,1,49
9,10,1,48
9,11,4,49
10,-1,4,27
10,0,9,29
10,1,6,24
10,2,8,28
10,3,5,27
10,4,7,9
10,5,3,7
10,6,8,4
10,7,3,7
10,8,1,48
10,9,0,49
10,10,1,49
10,11,5,49
11,-1,3,27
11,0,9,28
11,1,5,24
11,2,8,29
11,3,6,27
11,4,8,9
11,5,3,6
11,6,9,4
11,7,3,6
11,8,0,48
11,9,0,50
11,10,1,48
11,11,5,50
12,-1,2,28
12,0,9,29
12,1,5,23
12,2,8,30
12,3,7,27
12,4,8,10
12,5,3,7
12,6,10,4
12,7,3,5
12,8,0,49
12,9,0,50
12,10,2,48
12,11,5,49
13,-1,2,30
13,0,9,30
13,1,6,23
13,2,7,30
13,3,6,27
13,4,7,10
13,5,3,6
13,6,9,4
13,7,3,4
13,8,0,50
13,9,0,50
13,10,3,48
13,11,5,48
14,-1,0,30
14,0,10,30
14,1,6,22
14,2,7,31
14,3,6,28
14,4,7,11
14,5,3,5
14,6,9,5
14,7,3,3
14,8,0,50
14,9,1,50
14,10,2,48
14,11,6,48
15,-1,0,30
15,0,10,31
15,1,6,21
15,2,7,30
15,3,6,29
15,4,7,10
15,5,2,5
15,6,9,4
15,7,3,4
15,8,0,50
15,9,1,49
15,10,2,47
15,11,5,48
16,-1,2,30
16,0,10,30
16,1,5,21
16,2,7,31
16,3,7,29
16,4,7,9
16,5,2,6
16,6,9,3
16,7,4,4
16,8,0,50
16,9,1,50
16,10,2,46
16,11,6,48
17,-1,3,30
17,0,10,31
17,1,6,21
17,2,7,30
17,3,8,29
17,4,7,10
17,5,2,5
17,6,9,2
17,7,4,3
17,8,1,50
17,9,1,49
17,10,3,46
17,11,6,49
18,-1,4,30
18,0,9,31
18,1,7,21
18,2,8,30
18,3,8,30
18,4,8,10
18,5,2,4
18,6,10,2
18,7,3,3
18,8,2,50
18,9,0,49
18,10,3,45
18,11,5,49
19,-1,4,30
19,0,9,30
19,1,7,20
19,2,8,31
19,3,9,30
19,4,9,10
19,5,1,4
19,6,11,2
19,7,3,2
19,8,1,50
19,9,0,50
19,10,2,45
19,11,6,49
20,-1,4,29
20,0,10,30
20,1,7,21
20,2,8,30
20,3,8,30
20,4,10,10
20,5,0,4
20,6,11,3
20,7,4,2
20,8,1,49
20,9,1,50
20,10,3,45
20,11,6,50
21,-1,4,28
21,0,9,30
21,1,7,20
21,2,8,29
21,3,8,31
21,4,10,9
21,5,1,4
21,6,10,3
21,7,3,2
21,8,2,49
21,9,0,50
21,10,3,44
21,11,5,50
22,-1,4,28
22,0,10,30
22,1,8,20
22,2,9,29
22,3,8,30
22,4,10,10
22,5,1,3
22,6,10,4
22,7,3,3
22,8,1,49
22,9,0,49
22,10,3,45
22,11,5,50
23,-1,4,28
23,0,11,30
23,1,9,20
23,2,9,28
23,3,9,30
23,4,10,9
23,5,2,3
23,6,11,4
23,7,3,2
23,8,0,49
23,9,1,49
23,10,3,46
23,11,5,49
24,-1,2,28
24,0,10,30
24,1,8,20
24,2,9,27
24,3,9,31
24,4,10,10
24,5,2,4
24,6,11,3
24,7,2,2
24,8,0,48
24,9,0,49
24,10,3,47
24,11,4,49
25,-1,0,28
25,0,10,31
25,1,7,20
25,2,8,27
25,3,8,31
25,4,11,10
25,5,2,5
25,6,10,3
25,7,2,3
25,8,0,49
25,9,0,49
25,10,2,47
25,11,4,50
26,-1,0,29
26,0,11,31
26,1,6,20
26,2,9,27
26,3,9,31
26,4,11,9
26,5,3,5
26,6,11,3
26,7,3,3
26,8,0,50
26,9,1,49
26,10,3,47
26,11,3,50
27,-1,0,30
27,0,11,32
27,1,6,19
27,2,9,26
27,3,9,32
27,4,11,8
27,5,2,5
27,6,10,3
27,7,4,3
27,8,0,50
27,9,1,48
27,10,3,48
27,11,3,49
28,-1,3,30
28,0,10,32
28,1,7,19
28,2,9,27
28,3,8,32
28,4,11,9
28,5,3,5
28,6,9,3
28,7,4,2
28,8,0,50
28,9,1,49
28,10,4,48
28,11,3,48
29,-1,4,30
29,0,9,32
29,1,7,20
29,2,8,27
29,3,8,31
29,4,11,8
29,5,4,5
29,6,10,3
29,7,3,2
29,8,0,50
29,9,0,49
29,10,4,49
29,11,2,48
30,-1,6,30
30,0,9,33
30,1,8,20
30,2,7,27
30,3,8,30
30,4,11,9
30,5,4,4
30,6,10,4
30,7,3,1
30,8,0,50
30,9,1,49
30,10,5,49
30,11,2,47
31,-1,7,30
31,0,9,34
31,1,8,21
31,2,8,27
31,3,8,29
31,4,10,9
31,5,3,4
31,6,11,4
31,7,4,1
31,8,0,49
31,9,2,49
31,10,5,50
31,11,2,48
32,-1,7,31
32,0,10,34
32,1,8,20
32,2,7,27
32,3,8,28
32,4,9,9
32,5,2,4
32,6,10,4
32,7,3,1
32,8,1,49
32,9,1,49
32,10,4,50
32,11,2,49
33,-1,7,31
33,0,10,33
33,1,7,20
33,2,6,27
33,3,8,29
33,4,9,10
33,5,3,4
33,6,10,5
33,7,4,1
33,8,0,49
33,9,0,49
33,10,3,50
33,11,2,48
34,-1,7,33
34,0,11,33
34,1,6,20
34,2,6,28
34,3,9,29
34,4,10,10
34,5,4,4
34,6,11,5
34,7,4,0
34,8,0,49
34,9,1,49
34,10,4,50
34,11,2,47
35,-1,7,33
35,0,12,33
35,1,6,19
35,2,7,28
35,3,10,29
35,4,10,9
35,5,4,5
35,6,10,5
35,7,3,0
35,8,1,49
35,9,1,50
35,10,4,49
35,11,2,46
36,-1,7,33
36,0,13,33
36,1,5,19
36,2,7,29
36,3,9,29
36,4,11,9
36,5,4,6
36,6,10,6
36,7,3,1
36,8,0,49
36,9,2,50
36,10,3,49
36,11,1,46
37,-1,7,33
37,0,13,32
37,1,4,19
37,2,7,28
37,3,9,28
37,4,12,9
37,5,5,6
37,6,11,6
37,7,3,2
37,8,0,49
37,9,2,50
37,10,2,49
37,11,1,45
38,-1,7,32
38,0,12,32
38,1,4,18
38,2,7,29
38,3,8,28
38,4,11,9
38,5,5,5
38,6,11,5
38,7,3,3
38,8,0,49
38,9,2,50
38,10,2,50
38,11,2,45
39,-1,7,32
39,0,11,32
39,1,3,18
39,2,6,29
39,3,8,29
39,4,12,9
39,5,5,4
39,6,12,5
39,7,2,3
39,8,1,49
39,9,1,50
39,10,2,50
39,11,3,45
40,-1,7,32
40,0,11,33
40,1,4,18
40,2,6,30
40,3,8,28
40,4,12,10
40,5,6,4
40,6,11,5
40,7,2,4
40,8,1,48
40,9,0,50
40,10,2,50
40,11,4,45
41,-1,7,32
41,0,11,34
41,1,3,18
41,2,7,30
41,3,7,28
41,4,11,10
41,5,6,5
41,6,11,4
41,7,2,5
41,8,1,49
41,9,1,50
41,10,3,50
41,11,3,45
42,-1,7,32
42,0,11,35
42,1,3,19
42,2,8,30
42,3,8,28
42,4,12,10
42,5,5,5
42,6,10,4
42,7,3,5
42,8,0,49
42,9,1,50
42,10,2,50
42,11,3,44
43,-1,7,32
43,0,11,36
43,1,4,19
43,2,9,30
43,3,7,28
43,4,11,10
43,5,6,5
43,6,11,4
43,7,4,5
43,8,0,48
43,9,1,50
43,10,2,49
43,11,4,44
44,-1,7,31
44,0,10,36
44,1,5,19
44,2,8,30
44,3,7,29
44,4,10,10
44,5,6,4
44,6,11,5
44,7,5,5
44,8,0,47
44,9,1,50
44,10,2,50
44,11,5,44
45,-1,7,30
45,0,10,37
45,1,5,18
45,2,8,31
45,3,7,30
45,4,9,10
45,5,7,4
45,6,10,5
45,7,5,6
45,8,0,46
45,9,0,50
45,10,2,49
45,11,6,44
46,-1,7,28
46,0,10,36
46,1,5,19
46,2,9,31
46,3,7,29
46,4,8,10
46,5,7,5
46,6,9,5
46,7,5,5
46,8,0,47
46,9,0,49
46,10,3,49
46,11,5,44
47,-1,9,28
47,0,9,36
47,1,6,19
47,2,8,31
47,3,7,28
47,4,7,10
47,5,8,5
47,6,9,4
47,7,4,5
47,8,0,46
47,9,1,49
47,10,4,49
47,11,5,45
48,-1,10,28
48,0,9,35
48,1,7,19
48,2,8,30
48,3,7,29
48,4,8,10
48,5,7,5
48,6,8,4
48,7,4,6
48,8,0,45
48,9,1,50
48,10,5,49
48,11,4,45
49,-1,10,28
49,0,8,35
49,1,6,19
49,2,9,30
49,3,6,29
49,4,8,9
49,5,7,6
49,6,7,4
49,7,4,5
49,8,1,45
49,9,0,50
49,10,4,49
49,11,4,44
50,-1,12,28
50,0,8,34
50,1,6,18
50,2,9,31
50,3,5,29
50,4,9,9
50,5,7,7
50,6,7,3
50,7,3,5
50,8,1,46
50,9,0,50
50,10,5,49
50,11,4,43
51,-1,12,28
51,0,8,33
51,1,6,17
51,2,10,31
51,3,6,29
51,4,9,10
51,5,6,7
51,6,7,2
51,7,3,6
51,8,1,47
51,9,0,50
51,10,5,48
51,11,3,43
52,-1,12,30
52,0,9,33
52,1,7,17
52,2,10,30
52,3,6,28
52,4,10,10
52,5,6,8
52,6,6,2
52,7,3,5
52,8,0,47
52,9,0,49
52,10,5,49
52,11,2,43
53,-1,12,30
53,0,9,34
53,1,7,18
53,2,9,30
53,3,6,29
53,4,9,10
53,5,6,9
53,6,5,2
53,7,2,5
53,8,0,47
53,9,0,49
53,10,6,49
53,11,2,44
54,-1,12,31
54,0,10,34
54,1,7,19
54,2,10,30
54,3,7,29
54,4,10,10
54,5,6,8
54,6,5,1
54,7,1,5
54,8,1,47
54,9,0,49
54,10,6,50
54,11,1,44
55,-1,12,31
55,0,10,33
55,1,7,18
55,2,9,30
55,3,7,30
55,4,10,9
55,5,6,7
55,6,6,1
55,7,0,5
55,8,0,47
55,9,0,50
55,10,6,49
55,11,1,45
56,-1,10,31
56,0,10,34
56,1,7,17
56,2,9,29
56,3,8,30
56,4,11,9
56,5,6,6
56,6,7,1
56,7,0,5
56,8,1,47
56,9,0,50
56,10,7,49
56,11,1,46
57,-1,9,31
57,0,9,34
57,1,8,17
57,2,8,29
57,3,8,29
57,4,11,8
57,5,5,6
57,6,6,1
57,7,0,5
57,8,1,46
57,9,0,49
57,10,6,49
57,11,2,46
58,-1,8,31
58,0,9,33
58,1,8,18
58,2,8,30
58,3,8,28
58,4,11,7
58,5,6,6
58,6,6,2
58,7,0,4
58,8,1,45
58,9,0,50
58,10,6,48
58,11,2,47
59,-1,8,33
59,0,9,34
59,1,7,18
59,2,8,29
59,3,9,28
59,4,11,6
59,5,5,6
59,6,7,2
59,7,1,4
59,8,1,46
59,9,1,50
59,10,6,49
59,11,3,47
60,-1,8,35
60,0,10,34
60,1,7,19
60,2,8,28
60,3,8,28
60,4,11,5
60,5,5,7
60,6,8,2
60,7,0,4
60,8,0,46
60,9,1,50
60,10,7,49
60,11,2,47
61,-1,8,36
61,0,9,34
61,1,6,19
61,2,7,28
61,3,9,28
61,4,11,6
61,5,5,8
61,6,9,2
61,7,1,4
61,8,0,46
61,9,0,50
61,10,8,49
61,11,3,47
62,-1,8,37
62,0,9,35
62,1,7,19
62,2,7,27
62,3,9,29
62,4,10,6
62,5,6,8
62,6,10,2
62,7,1,5
62,8,0,45
62,9,0,50
62,10,7,49
62,11,4,47
63,-1,8,37
63,0,10,35
63,1,7,20
63,2,8,27
63,3,9,30
63,4,9,6
63,5,5,8
63,6,11,2
63,7,1,6
63,8,0,45
63,9,1,50
63,10,6,49
63,11,4,48
64,-1,8,36
64,0,11,35
64,1,7,21
64,2,8,26
64,3,10,30
64,4,9,5
64,5,6,8
64,6,11,3
64,7,1,7
64,8,0,45
64,9,0,50
64,10,6,50
64,11,3,48
65,-1,8,34
65,0,11,36
65,1,7,20
65,2,9,26
65,3,10,29
65,4,8,5
65,5,7,8
65,6,10,3
65,7,1,8
65,8,0,44
65,9,0,50
65,10,7,50
65,11,3,47
66,-1,8,34
66,0,11,37
66,1,6,20
66,2,8,26
66,3,11,29
66,4,9,5
66,5,6,8
66,6,9,3
66,7,1,7
66,8,0,44
66,9,1,50
66,10,6,50
66,11,2,47
67,-1,8,33
67,0,11,38
67,1,5,20
67,2,8,27
67,3,11,28
67,4,9,4
67,5,6,9
67,6,8,3
67,7,2,7
67,8,0,45
67,9,1,49
67,10,7,50
67,11,2,46
68,-1,8,32
68,0,10,38
68,1,6,20
68,2,7,27
68,3,11,29
68,4,10,4
68,5,6,10
68,6,7,3
68,7,2,6
68,8,0,46
68,9,2,49
68,10,8,50
68,11,2,45
69,-1,8,29
69,0,9,38
69,1,6,21
69,2,6,27
69,3,12,29
69,4,10,5
69,5,7,10
69,6,6,3
69,7,2,5
69,8,0,46
69,9,3,49
69,10,8,50
69,11,1,45
70,-1,6,29
70,0,9,39
70,1,7,21
70,2,6,28
70,3,11,29
70,4,10,4
70,5,7,9
70,6,7,3
70,7,2,6
70,8,1,46
70,9,4,49
70,10,7,50
70,11,1,46
71,-1,5,29
71,0,9,38
71,1,8,21
71,2,6,27
71,3,12,29
71,4,9,4
71,5,7,10
71,6,7,4
71,7,3,6
71,8,1,47
71,9,4,50
71,10,8,50
71,11,1,47
72,-1,4,29
72,0,9,39
72,1,7,21
72,2,6,26
72,3,11,29
72,4,10,4
72,5,7,11
72,6,7,3
72,7,4,6
72,8,2,47
72,9,5,50
72,10,8,49
72,11,1,46
73,-1,4,29
73,0,8,39
73,1,8,21
73,2,7,26
73,3,10,29
73,4,10,5
73,5,7,12
73,6,7,2
73,7,4,7
73,8,2,48
73,9,5,49
73,10,7,49
73,11,0,46
74,-1,2,29
74,0,8,38
74,1,7,21
74,2,6,26
74,3,10,30
74,4,9,5
74,5,7,13
74,6,6,2
74,7,5,7
74,8,3,48
74,9,4,49
74,10,8,49
74,11,0,47
75,-1,2,29
75,0,7,38
75,1,8,21
75,2,7,26
75,3,9,30
75,4,9,4
75,5,6,13
75,6,6,1
75,7,5,8
75,8,4,48
75,9,4,50
75,10,9,49
75,11,0,46
76,-1,2,30
76,0,6,38
76,1,8,20
76,2,7,25
76,3,9,31
76,4,9,5
76,5,6,12
76,6,5,1
76,7,5,9
76,8,4,49
76,9,4,50
76,10,9,48
76,11,0,47
77,-1,2,32
77,0,6,37
77,1,7,20
77,2,6,25
77,3,10,31
77,4,8,5
77,5,6,13
77,6,4,1
77,7,4,9
77,8,4,50
77,9,3,50
77,10,9,49
77,11,0,46
78,-1,2,33
78,0,6,38
78,1,7,21
78,2,6,24
78,3,10,30
78,4,7,5
78,5,7,13
78,6,4,2
78,7,4,8
78,8,4,49
78,9,3,49
78,10,9,48
78,11,0,45
79,-1,2,34
79,0,6,39
79,1,7,20
79,2,6,23
79,3,10,31
79,4,7,6
79,5,8,13
79,6,4,1
79,7,3,8
79,8,4,50
79,9,3,48
79,10,8,48
79,11,0,46
80,-1,3,34
80,0,6,38
80,1,8,20
80,2,5,23
80,3,11,31
80,4,6,6
80,5,8,14
80,6,4,2
80,7,2,8
80,8,4,50
80,9,3,47
80,10,7,48
80,11,1,46
81,-1,3,34
81,0,5,38
81,1,9,20
81,2,5,22
81,3,11,32
81,4,6,7
81,5,8,13
81,6,3,2
81,7,2,7
81,8,4,49
81,9,4,47
81,10,7,47
81,11,2,46
82,-1,5,34
82,0,4,38
82,1,9,19
82,2,5,21
82,3,11,31
82,4,7,7
82,5,9,13
82,6,4,2
82,7,3,7
82,8,3,49
82,9,4,46
82,10,6,47
82,11,3,46
83,-1,7,34
83,0,5,38
83,1,9,20
83,2,5,22
83,3,12,31
83,4,6,7
83,5,8,13
83,6,4,3
83,7,2,7
83,8,4,49
83,9,5,46
83,10,7,47
83,11,3,47
84,-1,8,34
84,0,6,38
84,1,10,20
84,2,5,23
84,3,12,32
84,4,6,6
84,5,7,13
84,6,3,3
84,7,3,7
84,8,4,48
84,9,6,46
84,10,7,46
84,11,3,48
85,-1,9,34
85,0,6,39
85,1,11,20
85,2,6,23
85,3,13,32
85,4,6,5
85,5,6,13
85,6,3,2
85,7,4,7
85,8,4,47
85,9,6,47
85,10,7,45
85,11,3,49
86,-1,11,34
86,0,5,39
86,1,11,21
86,2,6,24
86,3,13,31
86,4,7,5
86,5,6,12
86,6,3,1
86,7,4,8
86,8,3,47
86,9,7,47
86,10,7,46
86,11,2,49
87,-1,11,34
87,0,5,40
87,1,12,21
87,2,6,25
87,3,13,32
87,4,7,4
87,5,7,12
87,6,4,1
87,7,4,7
87,8,2,47
87,9,7,46
87,10,8,46
87,11,2,48
88,-1,11,32
88,0,5,39
88,1,13,21
88,2,7,25
88,3,13,33
88,4,7,3
88,5,7,13
88,6,4,2
88,7,4,6
88,8,3,47
88,9,8,46
88,10,7,46
88,11,3,48
89,-1,11,31
89,0,5,38
89,1,13,22
89,2,8,25
89,3,13,32
89,4,8,3
89,5,7,12
89,6,4,1
89,7,3,6
89,8,2,47
89,9,8,45
89,10,7,47
89,11,3,47
90,-1,11,31
90,0,5,39
90,1,12,22
90,2,7,25
90,3,13,31
90,4,8,2
90,5,7,11
90,6,5,1
90,7,3,5
90,8,1,47
90,9,8,44
90,10,7,48
90,11,3,46
91,-1,11,30
91,0,5,40
91,1,12,21
91,2,6,25
91,3,12,31
91,4,8,3
91,5,8,11
91,6,6,1
91,7,3,6
91,8,1,46
91,9,9,44
91,10,6,48
91,11,4,46
92,-1,11,28
92,0,6,40
92,1,12,22
92,2,6,24
92,3,11,31
92,4,7,3
92,5,7,11
92,6,7,1
92,7,2,6
92,8,2,46
92,9,10,44
92,10,7,48
92,11,4,47
93,-1,11,27
93,0,6,39
93,1,11,22
93,2,5,24
93,3,10,31
93,4,8,3
93,5,7,10
93,6,6,1
93,7,2,7
93,8,1,46
93,9,10,45
93,10,7,47
93,11,4,48
94,-1,11,26
94,0,6,40
94,1,10,22
94,2,4,24
94,3,11,31
94,4,9,3
94,5,7,9
94,6,6,2
94,7,1,7
94,8,0,46
94,9,10,46
94,10,6,47
94,11,4,47
95,-1,11,25
95,0,5,40
95,1,10,23
95,2,4,25
95,3,12,31
95,4,9,4
95,5,7,10
95,6,6,3
95,7,0,7
95,8,1,46
95,9,11,46
95,10,6,48
95,11,4,46
96,-1,11,23
96,0,4,40
96,1,10,22
96,2,4,24
96,3,12,32
96,4,9,3
96,5,6,10
96,6,6,2
96,7,0,7
96,8,2,46
96,9,12,46
96,10,7,48
96,11,4,47
97,-1,11,22
97,0,4,41
97,1,9,22
97,2,4,23
97,3,12,33
97,4,9,4
97,5,6,9
97,6,7,2
97,7,0,8
97,8,3,46
97,9,11,46
97,10,7,47
97,11,5,47
98,-1,11,21
98,0,3,41
98,1,9,21
98,2,3,23
98,3,12,32
98,4,9,5
98,5,6,10
98,6,8,2
98,7,0,8
98,8,3,47
98,9,12,46
98,10,7,46
98,11,4,47
99,-1,11,20
99,0,2,41
99,1,9,22
99,2,4,23
99,3,11,32
99,4,9,4
99,5,5,10
99,6,7,2
99,7,0,7
99,8,4,47
99,9,12,45
99,10,6,46
99,11,5,47
100,-1,11,19
100,0,1,41
100,1,9,23
100,2,5,23
100,3,11,31
100,4,10,4
100,5,5,11
100,6,7,1
100,7,1,7
100,8,3,47
100,9,12,46
100,10,6,45
100,11,6,47
101,-1,11,18
101,0,1,42
101,1,10,23
101,2,5,22
101,3,11,32
101,4,9,4
101,5,5,12
101,6,8,1
101,7,0,7
101,8,4,47
101,9,13,46
101,10,7,45
101,11,6,46
102,-1,11,18
102,0,1,41
102,1,9,23
102,2,4,22
102,3,10,32
102,4,10,4
102,5,6,12
102,6,9,1
102,7,0,8
102,8,3,47
102,9,12,46
102,10,7,44
102,11,6,45
103,-1,9,18
103,0,1,42
103,1,9,24
103,2,4,21
103,3,10,31
103,4,9,4
103,5,6,11
103,6,10,1
103,7,1,8
103,8,3,46
103,9,12,47
103,10,6,44
103,11,5,45
104,-1,7,18
104,0,1,43
104,1,8,24
104,2,3,21
104,3,10,30
104,4,9,3
104,5,5,11
104,6,10,2
104,7,2,8
104,8,3,47
104,9,13,47
104,10,6,43
104,11,6,45
105,-1,7,19
105,0,1,42
105,1,8,23
105,2,3,22
105,3,11,30
105,4,8,3
105,5,4,11
105,6,9,2
105,7,3,8
105,8,3,46
105,9,14,47
105,10,6,44
105,11,6,46
106,-1,7,20
106,0,1,41
106,1,9,23
106,2,2,22
106,3,11,31
106,4,9,3
106,5,4,10
106,6,9,1
106,7,3,7
106,8,2,46
106,9,14,46
106,10,7,44
106,11,6,47
107,-1,7,21
107,0,1,42
107,1,9,22
107,2,3,22
107,3,12,31
107,4,9,2
107,5,5,10
107,6,9,0
107,7,2,7
107,8,1,46
107,9,14,47
107,10,7,45
107,11,6,46
108,-1,7,21
108,0,0,42
108,1,8,22
108,2,4,22
108,3,13,31
108,4,9,1
108,5,5,9
108,6,8,0
108,7,3,7
108,8,0,46
108,9,15,47
108,10,7,46
108,11,5,46
109,-1,7,22
109,0,0,43
109,1,9,22
109,2,4,21
109,3,14,31
109,4,9,2
109,5,5,10
109,6,7,0
109,7,3,6
109,8,0,45
109,9,15,46
109,10,7,45
109,11,5,47
110,-1,8,22
110,0,0,43
110,1,9,23
110,2,5,21
110,3,14,32
110,4,8,2
110,5,6,10
110,6,6,0
110,7,2,6
110,8,0,45
110,9,15,45
110,10,8,45
110,11,6,47
111,-1,9,22
111,0,0,43
111,1,10,23
111,2,4,21
111,3,13,32
111,4,7,2
111,5,7,10
111,6,7,0
111,7,1,6
111,8,0,44
111,9,16,45
111,10,8,44
111,11,6,48
112,-1,11,22
112,0,0,43
112,1,11,23
112,2,3,21
112,3,13,31
112,4,8,2
112,5,7,11
112,6,6,0
112,7,1,7
112,8,0,43
112,9,16,46
112,10,8,45
112,11,7,48
113,-1,12,22
113,0,0,44
113,1,11,24
113,2,3,22
113,3,12,31
113,4,7,2
113,5,6,11
113,6,6,0
113,7,2,7
113,8,0,44
113,9,15,46
113,10,8,46
113,11,7,49
114,-1,14,22
114,0,0,45
114,1,11,25
114,2,3,23
114,3,11,31
114,4,7,1
114,5,6,12
114,6,6,1
114,7,2,8
114,8,0,45
114,9,15,45
114,10,8,47
114,11,6,49
115,-1,14,24
115,0,0,44
115,1,10,25
115,2,3,24
115,3,11,32
115,4,7,0
115,5,7,12
115,6,5,1
115,7,2,9
115,8,1,45
115,9,15,46
115,10,9,47
115,11,6,50
116,-1,14,26
116,0,0,45
116,1,11,25
116,2,2,24
116,3,11,33
116,4,6,0
116,5,7,11
116,6,5,2
116,7,3,9
116,8,2,45
116,9,16,46
116,10,9,48
116,11,6,50
117,-1,14,26
117,0,1,45
117,1,10,25
117,2,2,25
117,3,12,33
117,4,5,0
117,5,7,10
117,6,5,3
117,7,4,9
117,8,3,45
117,9,15,46
117,10,9,47
117,11,6,50
118,-1,14,27
118,0,1,44
118,1,9,25
118,2,2,24
118,3,12,32
118,4,4,0
118,5,6,10
118,6,6,3
118,7,5,9
118,8,3,46
118,9,14,46
118,10,9,46
118,11,7,50
119,-1,14,28
119,0,2,44
119,1,9,24
119,2,2,25
119,3,11,32
119,4,4,0
119,5,5,10
119,6,5,3
119,7,5,8
119,8,3,47
119,9,15,46
119,10,9,47
119,11,6,50
120,-1,14,29
120,0,2,45
120,1,9,23
120,2,2,26
120,3,11,31
120,4,3,0
120,5,5,9
120,6,6,3
120,7,5,9
120,8,3,46
120,9,16,46
120,10,10,47
120,11,5,50
121,-1,14,30
121,0,2,46
121,1,8,23
121,2,2,25
121,3,11,30
121,4,2,0
121,5,5,8
121,6,6,2
121,7,6,9
121,8,4,46
121,9,16,45
121,10,10,48
121,11,5,50
122,-1,12,30
122,0,3,46
122,1,7,23
122,2,3,25
122,3,11,31
122,4,3,0
122,5,4,8
122,6,5,2
122,7,7,9
122,8,4,47
122,9,16,46
122,10,9,48
122,11,6,50
123,-1,12,30
123,0,4,46
123,1,8,23
123,2,3,26
123,3,12,31
123,4,2,0
123,5,3,8
123,6,4,2
123,7,8,9
123,8,4,46
123,9,15,46
123,10,8,48
123,11,5,50
124,-1,10,30
124,0,4,45
124,1,8,24
124,2,4,26
124,3,13,31
124,4,2,1
124,5,3,9
124,6,3,2
124,7,8,10
124,8,4,47
124,9,16,46
124,10,8,49
124,11,6,50
125,-1,10,29
125,0,4,46
125,1,7,24
125,2,5,26
125,3,13,32
125,4,1,1
125,5,3,10
125,6,3,3
125,7,8,9
125,8,4,46
125,9,16,45
125,10,9,49
125,11,5,50
126,-1,10,28
126,0,4,47
126,1,8,24
126,2,4,26
126,3,13,31
126,4,1,0
126,5,4,10
126,6,3,4
126,7,8,8
126,8,4,47
126,9,16,46
126,10,9,50
126,11,4,50
127,-1,10,27
127,0,5,47
127,1,7,24
127,2,3,26
127,3,12,31
127,4,2,0
127,5,4,9
127,6,3,3
127,7,8,7
127,8,4,48
127,9,16,45
127,10,9,50
127,11,5,50
128,-1,10,26
128,0,4,47
128,1,8,24
128,2,3,25
128,3,12,30
128,4,2,1
128,5,4,8
128,6,3,2
128,7,9,7
128,8,4,47
128,9,16,44
128,10,10,50
128,11,5,50
129,-1,10,25
129,0,4,48
129,1,7,24
129,2,3,24
129,3,11,30
129,4,2,2
129,5,4,9
129,6,4,2
129,7,8,7
129,8,3,47
129,9,16,45
129,10,11,50
129,11,5,50
130,-1,10,23
130,0,4,49
130,1,6,24
130,2,2,24
130,3,12,30
130,4,3,2
130,5,4,10
130,6,4,1
130,7,9,7
130,8,3,46
130,9,15,45
130,10,12,50
130,11,6,50
131,-1,10,22
131,0,3,49
131,1,5,24
131,2,2,23
131,3,12,29
131,4,3,1
131,5,3,10
131,6,5,1
131,7,8,7
131,8,3,47
131,9,15,44
131,10,12,49
131,11,6,50
132,-1,10,21
132,0,3,50
132,1,5,23
132,2,2,22
132,3,12,30
132,4,3,0
132,5,4,10
132,6,4,1
132,7,8,6
132,8,3,46
132,9,14,44
132,10,13,49
132,11,6,49
133,-1,12,21
133,0,4,50
133,1,4,23
133,2,1,22
133,3,13,30
133,4,3,1
133,5,4,11
133,6,3,1
133,7,7,6
133,8,3,45
133,9,13,44
133,10,13,48
133,11,6,48
134,-1,13,21
134,0,4,49
134,1,5,23
134,2,0,22
134,3,14,30
134,4,2,1
134,5,3,11
134,6,2,1
134,7,7,5
134,8,2,45
134,9,13,45
134,10,12,48
134,11,5,48
135,-1,13,21
135,0,3,49
135,1,4,23
135,2,0,22
135,3,13,30
135,4,3,1
135,5,3,12
135,6,3,1
135,7,6,5
135,8,2,46
135,9,14,45
135,10,11,48
135,11,4,48
136,-1,13,23
136,0,2,49
136,1,4,24
136,2,1,22
136,3,14,30
136,4,3,0
136,5,3,11
136,6,2,1
136,7,6,6
136,8,1,46
136,9,14,44
136,10,11,49
136,11,4,47
137,-1,13,24
137,0,2,48
137,1,3,24
137,2,0,22
137,3,14,29
137,4,2,0
137,5,3,12
137,6,2,0
137,7,6,5
137,8,2,46
137,9,14,43
137,10,10,49
137,11,3,47
138,-1,13,25
138,0,3,48
138,1,3,25
138,2,0,21
138,3,13,29
138,4,3,0
138,5,2,12
138,6,1,0
138,7,5,5
138,8,3,46
138,9,13,43
138,10,10,48
138,11,4,47
139,-1,13,26
139,0,2,48
139,1,4,25
139,2,0,21
139,3,13,28
139,4,4,0
139,5,2,13
139,6,2,0
139,7,6,5
139,8,4,46
139,9,13,44
139,10,10,49
139,11,4,46
140,-1,11,26
140,0,2,49
140,1,3,25
140,2,0,21
140,3,14,28
140,4,3,0
140,5,2,14
140,6,2,0
140,7,6,6
140,8,4,45
140,9,14,44
140,10,9,49
140,11,3,46
141,-1,9,26
141,0,3,49
141,1,3,26
141,2,0,22
141,3,13,28
141,4,4,0
141,5,2,15
141,6,3,0
141,7,5,6
141,8,5,45
141,9,15,44
141,10,8,49
141,11,4,46
142,-1,9,26
142,0,2,49
142,1,4,26
142,2,0,23
142,3,13,29
142,4,4,0
142,5,2,16
142,6,2,0
142,7,6,6
142,8,5,44
142,9,16,44
142,10,9,49
142,11,5,46
143,-1,9,24
143,0,3,49
143,1,3,26
143,2,0,24
143,3,14,29
143,4,3,0
143,5,2,17
143,6,1,0
143,7,5,6
143,8,5,45
143,9,16,43
143,10,8,49
143,11,5,45
144,-1,9,23
144,0,3,50
144,1,2,26
144,2,0,23
144,3,14,30
144,4,2,0
144,5,2,16
144,6,1,0
144,7,5,7
144,8,5,46
144,9,16,42
144,10,7,49
144,11,5,46
145,-1,9,21
145,0,4,50
145,1,1,26
145,2,0,22
145,3,13,30
145,4,2,1
145,5,2,17
145,6,2,0
145,7,5,8
145,8,6,46
145,9,17,42
145,10,7,48
145,11,5,45
146,-1,9,21
146,0,4,50
146,1,1,27
146,2,0,21
146,3,13,31
146,4,2,0
146,5,1,17
146,6,2,0
146,7,5,9
146,8,5,46
146,9,17,43
146,10,6,48
146,11,5,44
147,-1,9,21
147,0,4,50
147,1,2,27
147,2,0,21
147,3,13,32
147,4,2,1
147,5,1,18
147,6,3,0
147,7,5,8
147,8,6,46
147,9,17,44
147,10,6,47
147,11,5,43
148,-1,6,21
148,0,5,50
148,1,2,28
148,2,0,22
148,3,14,32
148,4,3,1
148,5,1,17
148,6,2,0
148,7,5,9
148,8,7,46
148,9,17,43
148,10,6,48
148,11,5,42
149,-1,6,21
149,0,5,50
149,1,1,28
149,2,0,22
149,3,13,32
149,4,2,1
149,5,1,16
149,6,1,0
149,7,4,9
149,8,6,46
149,9,18,43
149,10,7,48
149,11,5,41
150,-1,6,21
150,0,5,50
150,1,2,28
150,2,1,22
150,3,13,33
150,4,2,2
150,5,0,16
150,6,1,1
150,7,4,8
150,8,6,45
150,9,18,42
150,10,8,48
150,11,6,41
151,-1,6,21
151,0,4,50
151,1,2,27
151,2,1,23
151,3,14,33
151,4,3,2
151,5,0,16
151,6,2,1
151,7,3,8
151,8,6,46
151,9,17,42
151,10,8,47
151,11,5,41
152,-1,4,21
152,0,4,49
152,1,2,28
152,2,2,23
152,3,14,34
152,4,3,1
152,5,0,16
152,6,3,1
152,7,3,7
152,8,6,45
152,9,18,42
152,10,8,46
152,11,6,41
153,-1,4,21
153,0,5,49
153,1,2,27
153,2,2,24
153,3,14,33
153,4,4,1
153,5,0,17
153,6,3,2
153,7,3,8
153,8,5,45
153,9,17,42
153,10,9,46
153,11,6,42
154,-1,4,20
154,0,5,48
154,1,2,28
154,2,3,24
154,3,14,34
154,4,3,1
154,5,0,17
154,6,3,1
154,7,3,9
154,8,5,44
154,9,16,42
154,10,9,45
154,11,7,42
155,-1,4,19
155,0,4,48
155,1,3,28
155,2,3,23
155,3,13,34
155,4,2,1
155,5,1,17
155,6,3,2
155,7,3,10
155,8,4,44
155,9,16,41
155,10,9,44
155,11,8,42
156,-1,4,19
156,0,5,48
156,1,3,29
156,2,4,23
156,3,14,34
156,4,1,1
156,5,1,18
156,6,3,3
156,7,3,9
156,8,4,45
156,9,17,41
156,10,8,44
156,11,8,41
157,-1,4,18
157,0,6,48
157,1,2,29
157,2,5,23
157,3,14,33
157,4,1,2
157,5,0,18
157,6,4,3
157,7,3,10
157,8,4,46
157,9,17,42
157,10,8,43
157,11,9,41
158,-1,4,18
158,0,5,48
158,1,1,29
158,2,5,24
158,3,15,33
158,4,1,3
158,5,0,17
158,6,5,3
158,7,4,10
158,8,4,47
158,9,18,42
158,10,8,42
158,11,8,41
159,-1,4,18
159,0,5,49
159,1,2,29
159,2,4,24
159,3,16,33
159,4,0,3
159,5,0,16
159,6,5,4
159,7,4,11
159,8,3,47
159,9,18,43
159,10,8,41
159,11,8,40
160,-1,6,18
160,0,6,49
160,1,2,28
160,2,5,24
160,3,16,32
160,4,0,4
160,5,0,17
160,6,5,3
160,7,4,10
160,8,3,48
160,9,19,43
160,10,7,41
160,11,9,40
161,-1,8,18
161,0,5,49
161,1,3,28
161,2,4,24
161,3,16,33
161,4,0,5
161,5,0,17
161,6,6,3
161,7,3,10
161,8,4,48
161,9,19,44
161,10,7,40
161,11,10,40
162,-1,8,18
162,0,5,48
162,1,3,27
162,2,4,25
162,3,15,33
162,4,1,5
162,5,0,16
162,6,6,4
162,7,2,10
162,8,4,47
162,9,20,44
162,10,8,40
162,11,10,41
163,-1,9,18
163,0,6,48
163,1,4,27
163,2,4,24
163,3,16,33
163,4,0,5
163,5,0,17
163,6,5,4
163,7,1,10
163,8,5,47
163,9,21,44
163,10,8,41
163,11,10,42
164,-1,10,18
164,0,6,47
164,1,5,27
164,2,5,24
164,3,15,33
164,4,0,5
164,5,0,17
164,6,5,5
164,7,1,11
164,8,5,46
164,9,22,44
164,10,7,41
164,11,11,42
165,-1,10,18
165,0,7,47
165,1,5,26
165,2,6,24
165,3,15,32
165,4,0,6
165,5,1,17
165,6,5,4
165,7,2,11
165,8,5,45
165,9,22,43
165,10,7,40
165,11,11,41
166,-1,10,19
166,0,7,46
166,1,4,26
166,2,7,24
166,3,14,32
166,4,0,7
166,5,0,17
166,6,4,4
166,7,2,12
166,8,6,45
166,9,23,43
166,10,8,40
166,11,11,40
167,-1,10,19
167,0,6,46
167,1,3,26
167,2,7,23
167,3,13,32
167,4,1,7
167,5,0,16
167,6,3,4
167,7,2,13
167,8,5,45
167,9,22,43
167,10,9,40
167,11,11,41
168,-1,10,19
168,0,6,47
168,1,2,26
168,2,6,23
168,3,14,32
168,4,2,7
168,5,0,16
168,6,2,4
168,7,2,12
168,8,4,45
168,9,22,42
168,10,9,41
168,11,10,41
169,-1,10,18
169,0,6,48
169,1,3,26
169,2,5,23
169,3,13,32
169,4,3,7
169,5,0,16
169,6,1,4
169,7,1,12
169,8,3,45
169,9,21,42
169,10,10,41
169,11,10,40
170,-1,10,17
170,0,5,48
170,1,4,26
170,2,5,22
170,3,12,32
170,4,4,7
170,5,0,15
170,6,1,3
170,7,2,12
170,8,3,46
170,9,22,42
170,10,9,41
170,11,9,40
171,-1,10,15
171,0,4,48
171,1,5,26
171,2,4,22
171,3,12,33
171,4,4,8
171,5,0,14
171,6,2,3
171,7,2,11
171,8,3,45
171,9,23,42
171,10,10,41
171,11,10,40
172,-1,10,14
172,0,4,49
172,1,5,27
172,2,5,22
172,3,12,32
172,4,4,9
172,5,0,14
172,6,3,3
172,7,3,11
172,8,3,44
172,9,24,42
172,10,11,41
172,11,11,40
173,-1,10,14
173,0,3,49
173,1,4,27
173,2,6,22
173,3,11,32
173,4,4,10
173,5,0,15
173,6,3,4
173,7,3,10
173,8,4,44
173,9,24,41
173,10,10,41
173,11,11,39
174,-1,10,17
174,0,3,48
174,1,3,27
174,2,5,22
174,3,11,31
174,4,3,10
174,5,0,16
174,6,3,5
174,7,4,10
174,8,3,44
174,9,24,42
174,10,10,42
174,11,11,40
175,-1,10,17
175,0,3,49
175,1,3,26
175,2,4,22
175,3,11,32
175,4,3,11
175,5,0,15
175,6,3,6
175,7,3,10
175,8,3,45
175,9,23,42
175,10,10,41
175,11,11,39
176,-1,10,17
176,0,3,48
176,1,2,26
176,2,5,22
176,3,11,31
176,4,3,10
176,5,0,16
176,6,3,5
176,7,3,11
176,8,3,44
176,9,23,41
176,10,9,41
176,11,11,38
177,-1,8,17
177,0,2,48
177,1,3,26
177,2,6,22
177,3,10,31
177,4,3,9
177,5,0,17
177,6,4,5
177,7,3,10
177,8,2,44
177,9,23,40
177,10,9,40
177,11,11,39
178,-1,7,17
178,0,1,48
178,1,4,26
178,2,5,22
178,3,10,30
178,4,4,9
178,5,0,17
178,6,3,5
178,7,3,11
178,8,3,44
178,9,22,40
178,10,9,39
178,11,11,40
179,-1,7,17
179,0,1,49
179,1,4,25
179,2,5,23
179,3,10,29
179,4,5,9
179,5,1,17
179,6,3,4
179,7,4,11
179,8,2,44
179,9,22,39
179,10,9,38
179,11,11,39
180,-1,6,17
180,0,1,50
180,1,4,24
180,2,4,23
180,3,10,28
180,4,5,10
180,5,1,16
180,6,3,5
180,7,3,11
180,8,1,44
180,9,22,38
180,10,9,39
180,11,12,39
181,-1,5,17
181,0,0,50
181,1,3,24
181,2,4,24
181,3,10,27
181,4,4,10
181,5,1,17
181,6,4,5
181,7,3,10
181,8,2,44
181,9,21,38
181,10,9,40
181,11,12,40
182,-1,5,19
182,0,0,50
182,1,4,24
182,2,4,23
182,3,9,27
182,4,3,10
182,5,2,17
182,6,4,4
182,7,2,10
182,8,1,44
182,9,21,37
182,10,9,41
182,11,12,41
183,-1,5,19
183,0,0,49
183,1,5,24
183,2,4,24
183,3,9,28
183,4,2,10
183,5,1,17
183,6,4,3
183,7,1,10
183,8,2,44
183,9,21,38
183,10,10,41
183,11,11,41
184,-1,5,19
184,0,0,50
184,1,5,23
184,2,4,25
184,3,9,29
184,4,3,10
184,5,1,16
184,6,5,3
184,7,1,9
184,8,2,45
184,9,21,37
184,10,10,42
184,11,11,42
185,-1,5,20
185,0,0,50
185,1,6,23
185,2,3,25
185,3,10,29
185,4,3,9
185,5,1,15
185,6,6,3
185,7,1,10
185,8,2,46
185,9,21,36
185,10,10,43
185,11,10,42
186,-1,5,20
186,0,0,49
186,1,6,24
186,2,4,25
186,3,11,29
186,4,4,9
186,5,1,16
186,6,6,2
186,7,1,11
186,8,2,47
186,9,22,36
186,10,11,43
186,11,9,42
187,-1,5,21
187,0,0,48
187,1,7,24
187,2,4,26
187,3,11,30
187,4,3,9
187,5,1,17
187,6,6,1
187,7,1,10
187,8,3,47
187,9,23,36
187,10,12,43
187,11,10,42
188,-1,5,21
188,0,0,49
188,1,8,24
188,2,4,27
188,3,11,29
188,4,4,9
188,5,0,17
188,6,5,1
188,7,1,11
188,8,3,46
188,9,24,36
188,10,13,43
188,11,10,41
189,-1,5,21
189,0,1,49
189,1,9,24
189,2,4,28
189,3,10,29
189,4,4,10
189,5,1,17
189,6,4,1
189,7,1,10
189,8,4,46
189,9,24,37
189,10,14,43
189,11,11,41
190,-1,5,20
190,0,1,50
190,1,8,24
190,2,5,28
190,3,10,28
190,4,3,10
190,5,2,17
190,6,5,1
190,7,1,11
190,8,3,46
190,9,24,36
190,10,13,43
190,11,12,41
191,-1,5,19
191,0,0,50
191,1,8,23
191,2,5,29
191,3,11,28
191,4,3,11
191,5,1,17
191,6,5,2
191,7,2,11
191,8,3,47
191,9,24,37
191,10,14,43
191,11,11,41
192,-1,5,18
192,0,0,50
192,1,9,23
192,2,5,28
192,3,11,27
192,4,2,11
192,5,1,16
192,6,6,2
192,7,2,12
192,8,3,46
192,9,25,37
192,10,14,42
192,11,11,42
193,-1,3,18
193,0,1,50
193,1,9,24
193,2,5,29
193,3,10,27
193,4,2,12
193,5,1,15
193,6,5,2
193,7,3,12
193,8,3,47
193,9,25,36
193,10,14,41
193,11,10,42
194,-1,2,18
194,0,1,50
194,1,9,25
194,2,4,29
194,3,9,27
194,4,2,11
194,5,1,14
194,6,4,2
194,7,3,13
194,8,3,46
194,9,25,35
194,10,14,40
194,11,9,42
195,-1,2,18
195,0,1,50
195,1,8,25
195,2,3,29
195,3,8,27
195,4,3,11
195,5,2,14
195,6,4,1
195,7,3,12
195,8,4,46
195,9,25,36
195,10,14,39
195,11,9,43
196,-1,2,19
196,0,1,49
196,1,7,25
196,2,3,30
196,3,9,27
196,4,3,12
196,5,2,13
196,6,4,2
196,7,3,11
196,8,4,47
196,9,25,37
196,10,14,40
196,11,9,44
197,-1,2,19
197,0,0,49
197,1,8,25
197,2,3,29
197,3,8,27
197,4,4,12
197,5,2,14
197,6,5,2
197,7,3,12
197,8,4,46
197,9,25,36
197,10,15,40
197,11,10,44
198,-1,2,21
198,0,0,49
198,1,7,25
198,2,3,30
198,3,8,26
198,4,4,13
198,5,2,15
198,6,5,1
198,7,4,12
198,8,4,45
198,9,26,36
198,10,14,40
198,11,9,44
199,-1,4,21
199,0,0,50
199,1,6,25
199,2,3,29
199,3,8,27
199,4,4,14
199,5,2,14
199,6,5,0
199,7,4,13
199,8,4,46
199,9,26,37
199,10,14,41
199,11,9,45
200,-1,5,21
200,0,0,49
200,1,7,25
200,2,3,28
200,3,9,27
200,4,5,14
200,5,2,13
200,6,4,0
200,7,4,12
200,8,5,46
200,9,25,37
200,10,15,41
200,11,9,44
201,-1,4,21
201,0,1,49
201,1,8,25
201,2,3,27
201,3,10,27
201,4,4,14
201,5,2,12
201,6,5,0
201,7,3,12
201,8,6,46
201,9,25,38
201,10,15,42
201,11,9,43
202,-1,2,21
202,0,2,49
202,1,8,26
202,2,2,27
202,3,10,28
202,4,5,14
202,5,1,12
202,6,5,1
202,7,2,12
202,8,6,47
202,9,24,38
202,10,16,42
202,11,8,43
203,-1,2,21
203,0,1,49
203,1,8,25
203,2,2,26
203,3,10,27
203,4,6,14
203,5,1,11
203,6,4,1
203,7,3,12
203,8,6,46
203,9,24,37
203,10,16,43
203,11,7,43
204,-1,2,21
204,0,1,48
204,1,8,26
204,2,3,26
204,3,11,27
204,4,6,13
204,5,0,11
204,6,5,1
204,7,3,13
204,8,6,45
204,9,24,38
204,10,17,43
204,11,7,42
205,-1,2,23
205,0,1,47
205,1,9,26
205,2,2,26
205,3,11,28
205,4,6,14
205,5,0,12
205,6,4,1
205,7,3,14
205,8,6,46
205,9,24,37
205,10,17,44
205,11,6,42
206,-1,2,23
206,0,0,47
206,1,9,27
206,2,1,26
206,3,11,27
206,4,7,14
206,5,0,11
206,6,3,1
206,7,4,14
206,8,7,46
206,9,24,38
206,10,17,45
206,11,7,42
207,-1,2,21
207,0,0,47
207,1,8,27
207,2,1,27
207,3,11,28
207,4,6,14
207,5,0,11
207,6,2,1
207,7,5,14
207,8,6,46
207,9,23,38
207,10,18,45
207,11,6,42
208,-1,2,21
208,0,0,47
208,1,7,27
208,2,0,27
208,3,12,28
208,4,6,13
208,5,0,11
208,6,2,0
208,7,6,14
208,8,6,45
208,9,22,38
208,10,18,44
208,11,6,43
209,-1,2,20
209,0,1,47
209,1,8,27
209,2,0,26
209,3,12,27
209,4,6,14
209,5,1,11
209,6,3,0
209,7,6,13
209,8,6,44
209,9,22,39
209,10,18,45
209,11,6,44
210,-1,2,20
210,0,1,46
210,1,9,27
210,2,0,25
210,3,11,27
210,4,6,13
210,5,2,11
210,6,3,0
210,7,7,13
210,8,5,44
210,9,23,39
210,10,17,45
210,11,6,43
211,-1,2,20
211,0,0,46
211,1,8,27
211,2,0,25
211,3,12,27
211,4,6,12
211,5,2,12
211,6,2,0
211,7,7,14
211,8,6,44
211,9,23,38
211,10,18,45
211,11,6,42
212,-1,4,20
212,0,0,47
212,1,7,27
212,2,0,24
212,3,12,26
212,4,5,12
212,5,3,12
212,6,2,0
212,7,8,14
212,8,7,44
212,9,22,38
212,10,18,46
212,11,5,42
213,-1,4,20
213,0,1,47
213,1,8,27
213,2,0,23
213,3,11,26
213,4,4,12
213,5,4,12
213,6,1,0
213,7,7,14
213,8,7,45
213,9,21,38
213,10,17,46
213,11,5,43
214,-1,7,20
214,0,1,46
214,1,9,27
214,2,0,24
214,3,11,25
214,4,4,11
214,5,4,11
214,6,0,0
214,7,7,15
214,8,7,44
214,9,21,39
214,10,17,45
214,11,6,43
215,-1,7,20
215,0,1,47
215,1,9,28
215,2,0,23
215,3,12,25
215,4,4,10
215,5,4,12
215,6,0,1
215,7,6,15
215,8,6,44
215,9,21,40
215,10,17,44
215,11,5,43
216,-1,7,20
216,0,1,48
216,1,9,27
216,2,0,24
216,3,12,26
216,4,5,10
216,5,5,12
216,6,0,0
216,7,7,15
216,8,6,43
216,9,21,39
216,10,17,45
216,11,5,44
217,-1,7,21
217,0,0,48
217,1,9,26
217,2,0,25
217,3,11,26
217,4,5,11
217,5,4,12
217,6,0,0
217,7,7,16
217,8,6,44
217,9,22,39
217,10,17,44
217,11,6,44
218,-1,7,22
218,0,0,49
218,1,9,25
218,2,0,25
218,3,10,26
218,4,5,10
218,5,5,12
218,6,1,0
218,7,6,16
218,8,6,45
218,9,22,38
218,10,18,44
218,11,6,43
219,-1,7,23
219,0,0,50
219,1,8,25
219,2,1,25
219,3,11,26
219,4,4,10
219,5,6,12
219,6,1,1
219,7,7,16
219,8,6,46
219,9,22,37
219,10,17,44
219,11,5,43
220,-1,7,24
220,0,0,49
220,1,8,24
220,2,0,25
220,3,10,26
220,4,5,10
220,5,6,13
220,6,0,1
220,7,7,17
220,8,6,45
220,9,22,38
220,10,17,43
220,11,6,43
221,-1,7,25
221,0,0,49
221,1,8,25
221,2,0,25
221,3,10,27
221,4,5,11
221,5,7,13
221,6,1,1
221,7,7,16
221,8,5,45
221,9,22,37
221,10,18,43
221,11,6,44
222,-1,7,25
222,0,0,48
222,1,9,25
222,2,0,26
222,3,9,27
222,4,5,12
222,5,7,12
222,6,2,1
222,7,8,16
222,8,5,46
222,9,22,36
222,10,18,44
222,11,6,43
223,-1,7,27
223,0,0,49
223,1,9,26
223,2,0,26
223,3,9,28
223,4,5,13
223,5,7,13
223,6,2,2
223,7,9,16
223,8,5,45
223,9,22,35
223,10,18,43
223,11,7,43
224,-1,7,27
224,0,1,49
224,1,9,25
224,2,0,25
224,3,10,28
224,4,5,14
224,5,7,14
224,6,2,1
224,7,8,16
224,8,5,46
224,9,22,34
224,10,18,44
224,11,6,43
225,-1,7,27
225,0,1,50
225,1,8,25
225,2,1,25
225,3,10,29
225,4,5,15
225,5,7,15
225,6,3,1
225,7,8,17
225,8,4,46
225,9,22,35
225,10,18,43
225,11,5,43
226,-1,4,27
226,0,1,49
226,1,9,25
226,2,2,25
226,3,10,28
226,4,5,14
226,5,7,14
226,6,3,2
226,7,8,18
226,8,3,46
226,9,22,36
226,10,19,43
226,11,6,43
227,-1,4,27
227,0,1,48
227,1,9,24
227,2,2,24
227,3,10,27
227,4,5,13
227,5,7,15
227,6,3,3
227,7,7,18
227,8,3,45
227,9,22,35
227,10,19,44
227,11,5,43
228,-1,4,29
228,0,1,49
228,1,9,23
228,2,1,24
228,3,11,27
228,4,4,13
228,5,8,15
228,6,3,2
228,7,7,19
228,8,2,45
228,9,23,35
228,10,20,44
228,11,5,44
229,-1,4,29
229,0,0,49
229,1,9,24
229,2,1,25
229,3,11,26
229,4,5,13
229,5,7,15
229,6,2,2
229,7,7,18
229,8,3,45
229,9,24,35
229,10,20,45
229,11,5,43
230,-1,5,29
230,0,0,50
230,1,9,25
230,2,1,24
230,3,11,25
230,4,5,12
230,5,7,16
230,6,2,3
230,7,8,18
230,8,4,45
230,9,25,35
230,10,20,44
230,11,5,42
231,-1,6,29
231,0,0,50
231,1,8,25
231,2,2,24
231,3,10,25
231,4,4,12
231,5,8,16
231,6,2,2
231,7,9,18
231,8,5,45
231,9,26,35
231,10,19,44
231,11,5,43
232,-1,6,29
232,0,0,50
232,1,8,26
232,2,3,24
232,3,11,25
232,4,4,11
232,5,9,16
232,6,3,2
232,7,10,18
232,8,5,46
232,9,25,35
232,10,20,44
232,11,5,44
233,-1,6,29
233,0,0,50
233,1,7,26
233,2,2,24
233,3,12,25
233,4,4,12
233,5,8,16
233,6,4,2
233,7,9,18
233,8,5,45
233,9,24,35
233,10,20,43
233,11,6,44
234,-1,6,29
234,0,0,49
234,1,7,25
234,2,2,23
234,3,12,24
234,4,4,11
234,5,8,17
234,6,4,3
234,7,10,18
234,8,5,46
234,9,23,35
234,10,19,43
234,11,6,43
235,-1,6,27
235,0,0,49
235,1,7,26
235,2,1,23
235,3,12,23
235,4,4,10
235,5,9,17
235,6,3,3
235,7,9,18
235,8,6,46
235,9,23,34
235,10,18,43
235,11,7,43
236,-1,6,27
236,0,1,49
236,1,6,26
236,2,0,23
236,3,13,23
236,4,4,9
236,5,9,16
236,6,4,3
236,7,8,18
236,8,6,45
236,9,22,34
236,10,18,44
236,11,7,42
237,-1,6,25
237,0,1,48
237,1,6,25
237,2,0,24
237,3,13,24
237,4,3,9
237,5,10,16
237,6,5,3
237,7,8,19
237,8,6,44
237,9,23,34
237,10,19,44
237,11,6,42
238,-1,6,24
238,0,2,48
238,1,6,24
238,2,1,24
238,3,14,24
238,4,3,10
238,5,9,16
238,6,4,3
238,7,8,20
238,8,7,44
238,9,22,34
238,10,19,43
238,11,5,42
239,-1,6,24
239,0,1,48
239,1,6,23
239,2,0,24
239,3,14,23
239,4,3,11
239,5,9,15
239,6,4,4
239,7,8,21
239,8,6,44
239,9,22,35
239,10,19,44
239,11,4,42
240,-1,6,23
240,0,1,47
240,1,5,23
240,2,0,23
240,3,15,23
240,4,3,12
240,5,9,14
240,6,4,3
240,7,9,21
240,8,7,44
240,9,22,36
240,10,19,43
240,11,3,42
241,-1,6,23
241,0,2,47
241,1,6,23
241,2,0,23
241,3,14,23
241,4,3,13
241,5,9,13
241,6,3,3
241,7,10,21
241,8,6,44
241,9,22,37
241,10,18,43
241,11,3,43
242,-1,4,23
242,0,2,46
242,1,6,24
242,2,0,23
242,3,15,23
242,4,4,13
242,5,8,13
242,6,4,3
242,7,9,21
242,8,7,44
242,9,21,37
242,10,17,43
242,11,3,42
243,-1,4,23
243,0,2,47
243,1,6,23
243,2,0,24
243,3,16,23
243,4,4,14
243,5,9,13
243,6,5,3
243,7,8,21
243,8,8,44
243,9,20,37
243,10,17,44
243,11,4,42
244,-1,4,24
244,0,2,46
244,1,6,24
244,2,0,23
244,3,16,24
244,4,4,15
244,5,8,13
244,6,4,3
244,7,8,22
244,8,8,45
244,9,19,37
244,10,16,44
244,11,4,43
245,-1,4,24
245,0,2,45
245,1,6,25
245,2,0,24
245,3,17,24
245,4,5,15
245,5,8,14
245,6,4,2
245,7,8,21
245,8,9,45
245,9,20,37
245,10,17,44
245,11,5,43
246,-1,4,25
246,0,2,44
246,1,6,24
246,2,0,23
246,3,16,24
246,4,5,14
246,5,8,13
246,6,3,2
246,7,8,20
246,8,9,44
246,9,21,37
246,10,17,45
246,11,5,42
247,-1,4,25
247,0,2,43
247,1,7,24
247,2,0,24
247,3,15,24
247,4,5,15
247,5,7,13
247,6,2,2
247,7,7,20
247,8,8,44
247,9,21,38
247,10,17,44
247,11,5,43
248,-1,5,25
248,0,3,43
248,1,7,23
248,2,0,23
248,3,15,23
248,4,5,16
248,5,8,13
248,6,1,2
248,7,8,20
248,8,9,44
248,9,22,38
248,10,17,45
248,11,6,43
249,-1,6,25
249,0,2,43
249,1,6,23
249,2,0,24
249,3,14,23
249,4,6,16
249,5,8,14
249,6,1,1
249,7,7,20
249,8,9,43
249,9,22,39
249,10,17,46
249,11,6,44
250,-1,6,25
250,0,2,44
250,1,7,23
250,2,0,24
250,3,14,24
250,4,7,16
250,5,9,14
250,6,2,1
250,7,7,21
250,8,10,43
250,9,21,39
250,10,17,47
250,11,5,44
251,-1,8,25
251,0,3,44
251,1,7,24
251,2,0,23
251,3,15,24
251,4,7,17
251,5,9,13
251,6,2,0
251,7,6,21
251,8,10,42
251,9,22,39
251,10,17,48
251,11,4,44
252,-1,8,26
252,0,2,44
252,1,8,24
252,2,0,22
252,3,15,23
252,4,8,17
252,5,8,13
252,6,3,0
252,7,6,22
252,8,11,42
252,9,23,39
252,10,16,48
252,11,3,44
253,-1,8,27
253,0,2,45
253,1,8,25
253,2,0,22
253,3,15,24
253,4,7,17
253,5,7,13
253,6,3,1
253,7,5,22
253,8,12,42
253,9,24,39
253,10,16,49
253,11,4,44
254,-1,8,27
254,0,3,45
254,1,9,25
254,2,1,22
254,3,15,25
254,4,7,16
254,5,8,13
254,6,3,2
254,7,5,23
254,8,11,42
254,9,23,39
254,10,17,49
254,11,3,44
255,-1,8,28
255,0,3,44
255,1,10,25
255,2,1,21
255,3,14,25
255,4,8,16
255,5,7,13
255,6,4,2
255,7,5,22
255,8,11,43
255,9,24,39
255,10,17,48
255,11,3,43
256,-1,8,28
256,0,4,44
256,1,9,25
256,2,2,21
256,3,14,24
256,4,9,16
256,5,8,13
256,6,3,2
256,7,5,21
256,8,11,44
256,9,25,39
256,10,17,49
256,11,4,43
257,-1,6,28
257,0,5,44
257,1,10,25
257,2,3,21
257,3,14,25
257,4,10,16
257,5,8,14
257,6,3,3
257,7,5,22
257,8,10,44
257,9,25,40
257,10,17,50
257,11,4,42
258,-1,6,28
258,0,4,44
258,1,10,24
258,2,3,20
258,3,14,26
258,4,11,16
258,5,7,14
258,6,3,2
258,7,6,22
258,8,11,44
258,9,25,39
258,10,16,50
258,11,5,42
259,-1,6,28
259,0,4,45
259,1,9,24
259,2,2,20
259,3,14,27
259,4,11,15
259,5,6,14
259,6,2,2
259,7,6,21
259,8,10,44
259,9,26,39
259,10,16,50
259,11,5,41
260,-1,6,29
260,0,3,45
260,1,10,24
260,2,1,20
260,3,13,27
260,4,12,15
260,5,6,15
260,6,1,2
260,7,6,20
260,8,9,44
260,9,25,39
260,10,15,50
260,11,5,42
261,-1,6,29
261,0,4,45
261,1,9,24
261,2,0,20
261,3,14,27
261,4,12,14
261,5,5,15
261,6,2,2
261,7,7,20
261,8,10,44
261,9,26,39
261,10,16,50
261,11,4,42
262,-1,6,31
262,0,3,45
262,1,8,24
262,2,0,19
262,3,13,27
262,4,13,14
262,5,4,15
262,6,1,2
262,7,7,19
262,8,9,44
262,9,26,38
262,10,16,50
262,11,4,43
263,-1,6,30
263,0,4,45
263,1,8,23
263,2,0,19
263,3,12,27
263,4,12,14
263,5,5,15
263,6,2,2
263,7,7,20
263,8,9,43
263,9,26,39
263,10,17,50
263,11,3,43
264,-1,6,29
264,0,3,45
264,1,9,23
264,2,0,19
264,3,13,27
264,4,11,14
264,5,5,16
264,6,2,3
264,7,8,20
264,8,9,42
264,9,26,38
264,10,17,50
264,11,2,43
265,-1,6,29
265,0,3,46
265,1,10,23
265,2,0,19
265,3,12,27
265,4,11,13
265,5,4,16
265,6,2,4
265,7,7,20
265,8,9,41
265,9,26,37
265,10,18,50
265,11,2,44
266,-1,6,28
266,0,3,45
266,1,11,23
266,2,0,20
266,3,12,26
266,4,11,12
266,5,4,15
266,6,2,5
266,7,6,20
266,8,10,41
266,9,27,37
266,10,18,50
266,11,1,44
267,-1,6,28
267,0,2,45
267,1,11,22
267,2,0,19
267,3,13,26
267,4,11,13
267,5,4,14
267,6,2,4
267,7,6,21
267,8,9,41
267,9,28,37
267,10,18,49
267,11,1,43
268,-1,6,26
268,0,3,45
268,1,11,21
268,2,0,18
268,3,12,26
268,4,12,13
268,5,4,15
268,6,2,3
268,7,6,20
268,8,9,42
268,9,28,36
268,10,19,49
268,11,2,43
269,-1,6,26
269,0,4,45
269,1,12,21
269,2,0,17
269,3,12,27
269,4,13,13
269,5,5,15
269,6,2,4
269,7,6,21
269,8,10,42
269,9,27,36
269,10,20,49
269,11,1,43
270,-1,6,25
270,0,5,45
270,1,12,22
270,2,0,16
270,3,13,27
270,4,14,13
270,5,4,15
270,6,1,4
270,7,6,22
270,8,9,42
270,9,27,37
270,10,21,49
270,11,1,42
271,-1,6,25
271,0,5,46
271,1,13,22
271,2,0,15
271,3,13,26
271,4,14,12
271,5,4,16
271,6,0,4
271,7,6,23
271,8,10,42
271,9,27,38
271,10,21,50
271,11,0,42
272,-1,6,23
272,0,6,46
272,1,13,23
272,2,0,14
272,3,14,26
272,4,13,12
272,5,5,16
272,6,0,3
272,7,7,23
272,8,11,42
272,9,27,39
272,10,20,50
272,11,0,42
273,-1,6,23
273,0,7,46
273,1,13,22
273,2,0,15
273,3,15,26
273,4,12,12
273,5,6,16
273,6,0,4
273,7,6,23
273,8,11,41
273,9,27,38
273,10,21,50
273,11,0,42
274,-1,4,23
274,0,8,46
274,1,12,22
274,2,1,15
274,3,14,26
274,4,12,13
274,5,6,15
274,6,1,4
274,7,6,24
274,8,11,42
274,9,28,38
274,10,21,50
274,11,0,42
275,-1,4,23
275,0,8,45
275,1,12,23
275,2,1,16
275,3,13,26
275,4,11,13
275,5,6,14
275,6,1,3
275,7,6,23
275,8,11,43
275,9,28,39
275,10,21,50
275,11,1,42
276,-1,2,23
276,0,8,44
276,1,11,23
276,2,1,17
276,3,12,26
276,4,10,13
276,5,7,14
276,6,1,2
276,7,6,24
276,8,11,44
276,9,29,39
276,10,22,50
276,11,1,41
277,-1,2,23
277,0,9,44
277,1,11,22
277,2,2,17
277,3,11,26
277,4,11,13
277,5,6,14
277,6,0,2
277,7,6,25
277,8,12,44
277,9,29,38
277,10,21,50
277,11,1,40
278,-1,2,25
278,0,9,43
278,1,11,23
278,2,2,18
278,3,11,27
278,4,11,14
278,5,5,14
278,6,0,1
278,7,7,25
278,8,11,44
278,9,28,38
278,10,20,50
278,11,1,39
279,-1,2,25
279,0,10,43
279,1,12,23
279,2,2,19
279,3,11,26
279,4,12,14
279,5,4,14
279,6,0,2
279,7,7,24
279,8,11,43
279,9,29,38
279,10,20,50
279,11,2,39
280,-1,2,25
280,0,10,44
280,1,13,23
280,2,3,19
280,3,10,26
280,4,11,14
280,5,4,15
280,6,0,2
280,7,6,24
280,8,10,43
280,9,30,38
280,10,21,50
280,11,1,39
281,-1,2,25
281,0,9,44
281,1,14,23
281,2,3,20
281,3,10,27
281,4,11,15
281,5,3,15
281,6,0,1
281,7,7,24
281,8,11,43
281,9,31,38
281,10,21,49
281,11,2,39
282,-1,2,27
282,0,10,44
282,1,14,22
282,2,3,19
282,3,9,27
282,4,12,15
282,5,2,15
282,6,0,1
282,7,7,25
282,8,10,43
282,9,31,39
282,10,20,49
282,11,2,40
283,-1,2,27
283,0,10,43
283,1,15,22
283,2,3,18
283,3,8,27
283,4,11,15
283,5,2,16
283,6,0,0
283,7,7,26
283,8,9,43
283,9,31,38
283,10,20,50
283,11,1,40
284,-1,2,28
284,0,11,43
284,1,15,21
284,2,4,18
284,3,7,27
284,4,11,14
284,5,2,17
284,6,0,0
284,7,7,27
284,8,8,43
284,9,30,38
284,10,20,50
284,11,1,41
285,-1,2,28
285,0,11,42
285,1,14,21
285,2,3,18
285,3,8,27
285,4,10,14
285,5,1,17
285,6,0,0
285,7,6,27
285,8,8,44
285,9,29,38
285,10,21,50
285,11,1,40
286,-1,4,28
286,0,11,43
286,1,14,22
286,2,3,17
286,3,7,27
286,4,11,14
286,5,1,18
286,6,0,0
286,7,7,27
286,8,8,45
286,9,29,39
286,10,21,50
286,11,1,41
287,-1,4,28
287,0,11,44
287,1,14,23
287,2,4,17
287,3,7,26
287,4,12,14
287,5,0,18
287,6,0,1
287,7,7,26
287,8,7,45
287,9,29,38
287,10,21,49
287,11,0,41
288,-1,5,28
288,0,12,44
288,1,15,23
288,2,3,17
288,3,7,27
288,4,12,15
288,5,0,17
288,6,0,1
288,7,8,26
288,8,7,46
288,9,29,39
288,10,22,49
288,11,0,40
289,-1,6,28
289,0,13,44
289,1,15,24
289,2,3,16
289,3,6,27
289,4,12,14
289,5,0,18
289,6,0,2
289,7,8,25
289,8,8,46
289,9,30,39
289,10,21,49
289,11,0,39
290,-1,6,29
290,0,13,45
290,1,15,23
290,2,3,15
290,3,7,27
290,4,12,15
290,5,1,18
290,6,0,3
290,7,9,25
290,8,7,46
290,9,30,40
290,10,22,49
290,11,0,39
291,-1,6,30
291,0,12,45
291,1,15,22
291,2,3,14
291,3,6,27
291,4,13,15
291,5,1,17
291,6,0,3
291,7,9,24
291,8,8,46
291,9,30,39
291,10,21,49
291,11,1,39
292,-1,6,30
292,0,12,46
292,1,15,23
292,2,4,14
292,3,5,27
292,4,13,14
292,5,1,18
292,6,0,3
292,7,10,24
292,8,9,46
292,9,29,39
292,10,20,49
292,11,2,39
293,-1,6,31
293,0,12,45
293,1,14,23
293,2,3,14
293,3,5,28
293,4,13,15
293,5,2,18
293,6,0,2
293,7,11,24
293,8,9,45
293,9,30,39
293,10,20,50
293,11,1,39
294,-1,6,31
294,0,11,45
294,1,15,23
294,2,2,14
294,3,5,29
294,4,14,15
294,5,1,18
294,6,0,3
294,7,12,24
294,8,9,44
294,9,30,38
294,10,20,49
294,11,1,40
295,-1,6,31
295,0,11,46
295,1,14,23
295,2,1,14
295,3,6,29
295,4,14,16
295,5,0,18
295,6,1,3
295,7,11,24
295,8,9,45
295,9,30,39
295,10,20,48
295,11,2,40
296,-1,6,30
296,0,11,45
296,1,14,24
296,2,1,13
296,3,6,30
296,4,14,17
296,5,0,18
296,6,0,3
296,7,10,24
296,8,8,45
296,9,31,39
296,10,21,48
296,11,2,39
297,-1,6,29
297,0,12,45
297,1,15,24
297,2,2,13
297,3,5,30
297,4,15,17
297,5,0,19
297,6,0,4
297,7,9,24
297,8,8,44
297,9,30,39
297,10,20,48
297,11,2,38
298,-1,6,28
298,0,13,45
298,1,16,24
298,2,2,14
298,3,5,29
298,4,16,17
298,5,0,18
298,6,1,4
298,7,10,24
298,8,8,45
298,9,29,39
298,10,20,47
298,11,3,38
299,-1,7,28
299,0,14,45
299,1,15,24
299,2,2,15
299,3,4,29
299,4,15,17
299,5,0,18
299,6,2,4
299,7,10,23
299,8,7,45
299,9,30,39
299,10,20,46
299,11,4,38
300,-1,8,28
300,0,14,44
300,1,16,24
300,2,2,14
300,3,4,28
300,4,15,16
300,5,0,17
300,6,3,4
300,7,9,23
300,8,6,45
300,9,29,39
300,10,20,47
300,11,5,38
301,-1,8,30
301,0,13,44
301,1,17,24
301,2,2,15
301,3,4,27
301,4,15,15
301,5,0,18
301,6,2,4
301,7,9,24
301,8,5,45
301,9,29,40
301,10,20,46
301,11,5,39
302,-1,8,31
302,0,13,43
302,1,17,23
302,2,3,15
302,3,4,28
302,4,15,16
302,5,1,18
302,6,2,5
302,7,8,24
302,8,4,45
302,9,28,40
302,10,19,46
302,11,5,40
303,-1,8,32
303,0,13,42
303,1,18,23
303,2,2,15
303,3,4,29
303,4,16,16
303,5,1,17
303,6,3,5
303,7,9,24
303,8,4,44
303,9,28,41
303,10,20,46
303,11,4,40
304,-1,8,32
304,0,13,43
304,1,19,23
304,2,3,15
304,3,5,29
304,4,16,15
304,5,2,17
304,6,3,6
304,7,10,24
304,8,3,44
304,9,27,41
304,10,20,47
304,11,5,40
305,-1,8,33
305,0,13,42
305,1,18,23
305,2,3,16
305,3,5,30
305,4,16,16
305,5,2,16
305,6,3,7
305,7,9,24
305,8,3,45
305,9,27,42
305,10,20,48
305,11,6,40
306,-1,8,35
306,0,14,42
306,1,18,22
306,2,2,16
306,3,4,30
306,4,15,16
306,5,2,17
306,6,4,7
306,7,9,25
306,8,3,44
306,9,27,43
306,10,19,48
306,11,7,40
307,-1,8,35
307,0,15,42
307,1,17,22
307,2,2,15
307,3,3,30
307,4,16,16
307,5,2,18
307,6,4,8
307,7,8,25
307,8,2,44
307,9,26,43
307,10,20,48
307,11,7,39
308,-1,8,35
308,0,15,43
308,1,17,21
308,2,2,14
308,3,2,30
308,4,16,15
308,5,3,18
308,6,4,9
308,7,9,25
308,8,2,45
308,9,27,43
308,10,20,47
308,11,7,40
309,-1,8,36
309,0,15,42
309,1,16,21
309,2,2,13
309,3,3,30
309,4,17,15
309,5,2,18
309,6,5,9
309,7,10,25
309,8,2,46
309,9,27,44
309,10,19,47
309,11,8,40
310,-1,8,37
310,0,15,43
310,1,16,20
310,2,2,14
310,3,3,29
310,4,17,16
310,5,2,17
310,6,4,9
310,7,9,25
310,8,2,45
310,9,27,45
310,10,18,47
310,11,7,40
311,-1,9,37
311,0,14,43
311,1,16,19
311,2,2,13
311,3,2,29
311,4,17,17
311,5,3,17
311,6,5,9
311,7,10,25
311,8,3,45
311,9,28,45
311,10,18,48
311,11,7,41
312,-1,10,37
312,0,14,42
312,1,17,19
312,2,3,13
312,3,1,29
312,4,17,18
312,5,4,17
312,6,6,9
312,7,10,24
312,8,4,45
312,9,27,45
312,10,18,47
312,11,6,41
313,-1,10,37
313,0,15,42
313,1,18,19
313,2,3,12
313,3,1,28
313,4,17,17
313,5,3,17
313,6,5,9
313,7,10,25
313,8,3,45
313,9,28,45
313,10,17,47
313,11,6,42
314,-1,10,37
314,0,14,42
314,1,19,19
314,2,2,12
314,3,1,29
314,4,18,17
314,5,3,16
314,6,5,8
314,7,11,25
314,8,3,46
314,9,27,45
314,10,17,48
314,11,7,42
315,-1,12,37
315,0,14,43
315,1,19,18
315,2,3,12
315,3,1,30
315,4,19,17
315,5,4,16
315,6,6,8
315,7,11,26
315,8,3,47
315,9,26,45
315,10,17,47
315,11,6,42
316,-1,12,36
316,0,15,43
316,1,20,18
316,2,3,11
316,3,1,29
316,4,19,16
316,5,3,16
316,6,5,8
316,7,11,27
316,8,3,46
316,9,26,44
316,10,18,47
316,11,7,42
317,-1,12,34
317,0,15,44
317,1,20,19
317,2,4,11
317,3,2,29
317,4,18,16
317,5,2,16
317,6,4,8
317,7,12,27
317,8,2,46
317,9,25,44
317,10,17,47
317,11,7,43
318,-1,12,34
318,0,16,44
318,1,19,19
318,2,4,10
318,3,2,30
318,4,18,17
318,5,2,17
318,6,4,9
318,7,13,27
318,8,3,46
318,9,26,44
318,10,16,47
318,11,6,43
319,-1,12,34
319,0,16,45
319,1,18,19
319,2,5,10
319,3,1,30
319,4,19,17
319,5,2,16
319,6,5,9
319,7,14,27
319,8,4,46
319,9,26,43
319,10,15,47
319,11,6,44
320,-1,12,32
320,0,17,45
320,1,18,18
320,2,5,11
320,3,2,30
320,4,19,16
320,5,2,17
320,6,5,10
320,7,13,27
320,8,4,47
320,9,26,42
320,10,16,47
320,11,6,43
321,-1,11,32
321,0,17,46
321,1,19,18
321,2,4,11
321,3,1,30
321,4,20,16
321,5,2,18
321,6,4,10
321,7,14,27
321,8,4,48
321,9,26,41
321,10,16,46
321,11,6,42
322,-1,9,32
322,0,17,45
322,1,18,18
322,2,3,11
322,3,2,30
322,4,20,15
322,5,3,18
322,6,4,9
322,7,14,28
322,8,4,47
322,9,26,42
322,10,15,46
322,11,6,43
323,-1,9,32
323,0,16,45
323,1,18,19
323,2,2,11
323,3,3,30
323,4,21,15
323,5,2,18
323,6,5,9
323,7,13,28
323,8,3,47
323,9,26,43
323,10,16,46
323,11,6,42
324,-1,9,34
324,0,15,45
324,1,19,19
324,2,2,10
324,3,4,30
324,4,21,14
324,5,1,18
324,6,6,9
324,7,12,28
324,8,4,47
324,9,25,43
324,10,17,46
324,11,5,42
325,-1,9,34
325,0,15,44
325,1,19,20
325,2,2,9
325,3,3,30
325,4,20,14
325,5,1,17
325,6,7,9
325,7,12,27
325,8,4,46
325,9,26,43
325,10,17,47
325,11,6,42
326,-1,9,34
326,0,15,43
326,1,19,19
326,2,2,8
326,3,3,31
326,4,21,14
326,5,1,18
326,6,7,8
326,7,13,27
326,8,4,45
326,9,26,44
326,10,17,48
326,11,6,41
327,-1,9,35
327,0,15,44
327,1,19,18
327,2,2,9
327,3,4,31
327,4,20,14
327,5,1,19
327,6,8,8
327,7,12,27
327,8,3,45
327,9,25,44
327,10,17,47
327,11,6,42
328,-1,10,35
328,0,15,43
328,1,20,18
328,2,2,10
328,3,4,32
328,4,21,14
328,5,2,19
328,6,8,7
328,7,13,27
328,8,4,45
328,9,24,44
328,10,18,47
328,11,5,42
329,-1,11,35
329,0,16,43
329,1,21,18
329,2,3,10
329,3,4,31
329,4,20,14
329,5,3,19
329,6,8,6
329,7,13,28
329,8,3,45
329,9,24,45
329,10,18,48
329,11,4,42
330,-1,11,35
330,0,15,43
330,1,22,18
330,2,2,10
330,3,4,30
330,4,21,14
330,5,3,18
330,6,8,5
330,7,13,29
330,8,3,46
330,9,24,44
330,10,18,49
330,11,5,42
331,-1,11,35
331,0,15,42
331,1,23,18
331,2,1,10
331,3,4,29
331,4,22,14
331,5,3,19
331,6,7,5
331,7,13,30
331,8,2,46
331,9,24,45
331,10,19,49
331,11,5,43
332,-1,12,35
332,0,15,41
332,1,22,18
332,2,1,11
332,3,4,30
332,4,22,15
332,5,2,19
332,6,7,6
332,7,13,31
332,8,2,45
332,9,24,44
332,10,19,50
332,11,4,43
333,-1,12,35
333,0,14,41
333,1,23,18
333,2,1,10
333,3,4,31
333,4,22,16
333,5,1,19
333,6,7,7
333,7,13,30
333,8,2,46
333,9,23,44
333,10,19,49
333,11,4,42
334,-1,12,34
334,0,14,42
334,1,23,17
334,2,2,10
334,3,3,31
334,4,23,16
334,5,2,19
334,6,6,7
334,7,13,31
334,8,2,45
334,9,24,44
334,10,19,50
334,11,4,43
335,-1,12,34
335,0,14,41
335,1,22,17
335,2,3,10
335,3,3,30
335,4,23,15
335,5,3,19
335,6,7,7
335,7,13,32
335,8,3,45
335,9,24,45
335,10,18,50
335,11,4,44
336,-1,12,34
336,0,15,41
336,1,22,18
336,2,3,11
336,3,3,29
336,4,22,15
336,5,3,20
336,6,8,7
336,7,14,32
336,8,3,44
336,9,24,44
336,10,18,49
336,11,4,45
337,-1,15,34
337,0,14,41
337,1,23,18
337,2,3,12
337,3,3,28
337,4,22,16
337,5,3,19
337,6,8,6
337,7,13,32
337,8,3,45
337,9,24,45
337,10,19,49
337,11,3,45
338,-1,15,34
338,0,15,41
338,1,23,17
338,2,4,12
338,3,3,27
338,4,22,17
338,5,3,20
338,6,7,6
338,7,14,32
338,8,2,45
338,9,25,45
338,10,20,49
338,11,2,45
339,-1,15,34
339,0,15,42
339,1,24,17
339,2,5,12
339,3,2,27
339,4,22,16
339,5,2,20
339,6,6,6
339,7,15,32
339,8,3,45
339,9,24,45
339,10,19,49
339,11,1,45
340,-1,15,35
340,0,15,41
340,1,25,17
340,2,4,12
340,3,2,28
340,4,22,17
340,5,1,20
340,6,5,6
340,7,15,31
340,8,4,45
340,9,25,45
340,10,19,50
340,11,1,46
341,-1,15,36
341,0,16,41
341,1,24,17
341,2,4,11
341,3,2,27
341,4,23,17
341,5,1,21
341,6,4,6
341,7,16,31
341,8,4,46
341,9,25,44
341,10,18,50
341,11,1,47
342,-1,15,37
342,0,16,40
342,1,24,18
342,2,5,11
342,3,2,28
342,4,23,18
342,5,1,20
342,6,5,6
342,7,15,31
342,8,4,45
342,9,25,43
342,10,19,50
342,11,0,47
343,-1,15,38
343,0,16,39
343,1,23,18
343,2,5,12
343,3,3,28
343,4,24,18
343,5,1,19
343,6,5,5
343,7,16,31
343,8,4,44
343,9,25,44
343,10,19,49
343,11,1,47
344,-1,13,38
344,0,17,39
344,1,23,17
344,2,5,11
344,3,3,27
344,4,23,18
344,5,1,18
344,6,5,4
344,7,16,30
344,8,3,44
344,9,25,43
344,10,19,48
344,11,0,47
345,-1,12,38
345,0,17,40
345,1,23,16
345,2,5,10
345,3,3,28
345,4,23,17
345,5,0,18
345,6,6,4
345,7,16,31
345,8,3,45
345,9,24,43
345,10,18,48
345,11,0,47
346,-1,12,38
346,0,17,39
346,1,23,17
346,2,4,10
346,3,4,28
346,4,23,16
346,5,0,19
346,6,6,3
346,7,16,32
346,8,2,45
346,9,24,42
346,10,18,49
346,11,0,48
347,-1,10,38
347,0,16,39
347,1,23,18
347,2,4,11
347,3,3,28
347,4,24,16
347,5,1,19
347,6,7,3
347,7,16,33
347,8,2,46
347,9,25,42
347,10,18,50
347,11,0,49
348,-1,10,37
348,0,15,39
348,1,23,17
348,2,3,11
348,3,4,28
348,4,24,17
348,5,1,20
348,6,7,2
348,7,16,32
348,8,2,45
348,9,25,41
348,10,19,50
348,11,0,49
349,-1,10,36
349,0,15,38
349,1,22,17
349,2,4,11
349,3,5,28
349,4,24,16
349,5,1,19
349,6,7,1
349,7,16,31
349,8,2,46
349,9,25,42
349,10,18,50
349,11,0,48
350,-1,10,36
350,0,15,37
350,1,22,18
350,2,3,11
350,3,6,28
350,4,24,17
350,5,0,19
350,6,7,0
350,7,15,31
350,8,2,47
350,9,24,42
350,10,18,49
350,11,0,47
351,-1,10,35
351,0,15,36
351,1,23,18
351,2,2,11
351,3,5,28
351,4,25,17
351,5,0,20
351,6,8,0
351,7,16,31
351,8,2,46
351,9,24,43
351,10,18,48
351,11,0,46
352,-1,10,35
352,0,15,37
352,1,23,17
352,2,2,10
352,3,5,27
352,4,26,17
352,5,0,21
352,6,8,0
352,7,17,31
352,8,1,46
352,9,23,43
352,10,19,48
352,11,1,46
353,-1,10,35
353,0,15,36
353,1,22,17
353,2,2,11
353,3,6,27
353,4,25,17
353,5,0,20
353,6,8,1
353,7,16,31
353,8,1,47
353,9,22,43
353,10,19,49
353,11,0,46
354,-1,12,35
354,0,15,37
354,1,23,17
354,2,2,12
354,3,6,26
354,4,26,17
354,5,1,20
354,6,7,1
354,7,15,31
354,8,1,46
354,9,22,44
354,10,20,49
354,11,0,45
355,-1,12,35
355,0,16,37
355,1,23,18
355,2,1,12
355,3,5,26
355,4,25,17
355,5,1,19
355,6,7,0
355,7,15,32
355,8,2,46
355,9,22,43
355,10,19,49
355,11,0,45
356,-1,12,34
356,0,17,37
356,1,23,19
356,2,1,11
356,3,5,27
356,4,25,16
356,5,1,20
356,6,8,0
356,7,16,32
356,8,2,45
356,9,23,43
356,10,19,48
356,11,0,44
357,-1,12,32
357,0,16,37
357,1,23,18
357,2,1,12
357,3,5,28
357,4,25,15
357,5,2,20
357,6,8,1
357,7,16,33
357,8,2,44
357,9,23,44
357,10,18,48
357,11,1,44
358,-1,12,32
358,0,15,37
358,1,23,17
358,2,1,11
358,3,5,27
358,4,26,15
358,5,2,21
358,6,7,1
358,7,17,33
358,8,2,45
358,9,24,44
358,10,18,49
358,11,1,43
359,-1,12,32
359,0,15,38
359,1,23,18
359,2,2,11
359,3,4,27
359,4,25,15
359,5,2,22
359,6,7,2
359,7,16,33
359,8,1,45
359,9,25,44
359,10,18,50
359,11,0,43
360,-1,12,31
360,0,16,38
360,1,23,17
360,2,2,10
360,3,4,26
360,4,26,15
360,5,1,22
360,6,7,3
360,7,16,34
360,8,1,46
360,9,26,44
360,10,19,50
360,11,0,44
361,-1,12,31
361,0,16,37
361,1,23,18
361,2,2,9
361,3,5,26
361,4,25,15
361,5,1,23
361,6,7,2
361,7,16,33
361,8,0,46
361,9,26,43
361,10,19,50
361,11,1,44
362,-1,12,31
362,0,15,37
362,1,22,18
362,2,2,10
362,3,5,25
362,4,25,16
362,5,1,22
362,6,7,1
362,7,16,32
362,8,0,46
362,9,26,42
362,10,19,49
362,11,1,45
363,-1,11,33
363,0,16,37
363,1,21,18
363,2,2,11
363,3,5,26
363,4,26,16
363,5,1,23
363,6,7,0
363,7,16,31
363,8,0,45
363,9,27,42
363,10,20,49
363,11,1,46
364,-1,11,33
364,0,15,37
364,1,21,19
364,2,2,12
364,3,4,26
364,4,26,15
364,5,2,23
364,6,8,0
364,7,16,30
364,8,0,46
364,9,27,43
364,10,19,49
364,11,2,46
365,-1,11,35
365,0,14,37
365,1,21,18
365,2,2,13
365,3,4,25
365,4,25,15
365,5,2,24
365,6,7,0
365,7,15,30
365,8,0,46
365,9,27,42
365,10,19,48
365,11,3,46
366,-1,11,35
366,0,14,36
366,1,20,18
366,2,1,13
366,3,4,26
366,4,25,16
366,5,2,25
366,6,7,0
366,7,15,31
366,8,1,46
366,9,26,42
366,10,18,48
366,11,3,47
367,-1,11,36
367,0,14,35
367,1,20,19
367,2,1,14
367,3,4,27
367,4,25,15
367,5,2,26
367,6,8,0
367,7,16,31
367,8,0,46
367,9,25,42
367,10,18,49
367,11,2,47
368,-1,11,36
368,0,15,35
368,1,20,18
368,2,1,13
368,3,4,28
368,4,25,14
368,5,2,27
368,6,9,0
368,7,16,32
368,8,0,45
368,9,25,41
368,10,17,49
368,11,3,47
369,-1,9,36
369,0,16,35
369,1,20,17
369,2,1,12
369,3,3,28
369,4,25,13
369,5,2,26
369,6,8,0
369,7,15,32
369,8,1,45
369,9,25,42
369,10,16,49
369,11,4,47
370,-1,9,36
370,0,16,34
370,1,21,17
370,2,1,11
370,3,3,27
370,4,24,13
370,5,1,26
370,6,8,0
370,7,15,31
370,8,1,46
370,9,25,43
370,10,16,48
370,11,4,48
371,-1,7,36
371,0,16,33
371,1,21,18
371,2,0,11
371,3,3,28
371,4,25,13
371,5,1,27
371,6,7,0
371,7,14,31
371,8,0,46
371,9,25,44
371,10,16,49
371,11,4,47
372,-1,7,36
372,0,15,33
372,1,21,17
372,2,0,12
372,3,3,29
372,4,24,13
372,5,1,28
372,6,8,0
372,7,14,32
372,8,0,47
372,9,24,44
372,10,17,49
372,11,5,47
373,-1,7,38
373,0,16,33
373,1,21,18
373,2,0,13
373,3,3,28
373,4,24,14
373,5,1,29
373,6,9,0
373,7,14,31
373,8,1,47
373,9,23,44
373,10,16,49
373,11,5,46
374,-1,7,38
374,0,15,33
374,1,21,19
374,2,0,13
374,3,3,27
374,4,24,15
374,5,0,29
374,6,10,0
374,7,14,30
374,8,2,47
374,9,23,43
374,10,16,50
374,11,5,45
375,-1,7,36
375,0,15,34
375,1,21,18
375,2,0,12
375,3,2,27
375,4,25,15
375,5,1,29
375,6,10,0
375,7,15,30
375,8,2,46
375,9,22,43
375,10,15,50
375,11,5,44
376,-1,7,36
376,0,14,34
376,1,21,19
376,2,0,12
376,3,1,27
376,4,25,14
376,5,1,28
376,6,10,0
376,7,15,29
376,8,1,46
376,9,22,44
376,10,16,50
376,11,5,45
377,-1,7,35
377,0,13,34
377,1,21,20
377,2,1,12
377,3,2,27
377,4,26,14
377,5,1,27
377,6,11,0
377,7,15,30
377,8,0,46
377,9,22,43
377,10,15,50
377,11,5,44
378,-1,7,35
378,0,13,35
378,1,21,19
378,2,1,11
378,3,3,27
378,4,26,13
378,5,0,27
378,6,11,0
378,7,14,30
378,8,0,47
378,9,23,43
378,10,15,50
378,11,4,44
379,-1,7,34
379,0,14,35
379,1,21,18
379,2,1,12
379,3,2,27
379,4,26,12
379,5,0,27
379,6,11,1
379,7,14,29
379,8,1,47
379,9,22,43
379,10,15,50
379,11,4,43
380,-1,7,33
380,0,15,35
380,1,21,19
380,2,1,13
380,3,1,27
380,4,26,11
380,5,1,27
380,6,11,0
380,7,15,29
380,8,1,48
380,9,21,43
380,10,14,50
380,11,3,43
381,-1,8,33
381,0,16,35
381,1,22,19
381,2,1,14
381,3,1,28
381,4,27,11
381,5,2,27
381,6,11,1
381,7,15,30
381,8,1,49
381,9,22,43
381,10,15,50
381,11,2,43
382,-1,9,33
382,0,16,34
382,1,21,19
382,2,1,15
382,3,2,28
382,4,26,11
382,5,2,28
382,6,11,2
382,7,15,31
382,8,1,48
382,9,22,42
382,10,15,50
382,11,2,44
383,-1,9,33
383,0,16,35
383,1,21,20
383,2,1,16
383,3,2,29
383,4,26,12
383,5,2,29
383,6,11,3
383,7,15,30
383,8,1,47
383,9,22,41
383,10,15,50
383,11,1,44
384,-1,11,33
384,0,16,36
384,1,21,21
384,2,2,16
384,3,3,29
384,4,26,13
384,5,3,29
384,6,10,3
384,7,14,30
384,8,2,47
384,9,23,41
384,10,16,50
384,11,1,45
385,-1,11,33
385,0,17,36
385,1,22,21
385,2,3,16
385,3,3,28
385,4,27,13
385,5,4,29
385,6,11,3
385,7,13,30
385,8,3,47
385,9,22,41
385,10,17,50
385,11,0,45
386,-1,11,33
386,0,17,37
386,1,23,21
386,2,3,15
386,3,2,28
386,4,27,14
386,5,4,30
386,6,11,2
386,7,13,31
386,8,3,48
386,9,22,42
386,10,18,50
386,11,0,44
387,-1,12,33
387,0,17,38
387,1,23,20
387,2,4,15
387,3,2,29
387,4,27,13
387,5,3,30
387,6,12,2
387,7,13,30
387,8,2,48
387,9,23,42
387,10,18,49
387,11,0,45
388,-1,12,32
388,0,17,37
388,1,24,20
388,2,4,16
388,3,3,29
388,4,28,13
388,5,4,30
388,6,12,1
388,7,12,30
388,8,2,47
388,9,24,42
388,10,17,49
388,11,0,44
389,-1,12,30
389,0,16,37
389,1,24,21
389,2,3,16
389,3,4,29
389,4,28,12
389,5,3,30
389,6,13,1
389,7,12,31
389,8,3,47
389,9,25,42
389,10,17,48
389,11,0,45
390,-1,12,30
390,0,15,37
390,1,24,22
390,2,2,16
390,3,5,29
390,4,29,12
390,5,4,30
390,6,12,1
390,7,13,31
390,8,2,47
390,9,26,42
390,10,17,49
390,11,1,45
391,-1,12,28
391,0,14,37
391,1,24,23
391,2,3,16
391,3,6,29
391,4,28,12
391,5,5,30
391,6,12,0
391,7,13,30
391,8,3,47
391,9,27,42
391,10,17,48
391,11,0,45
392,-1,12,28
392,0,15,37
392,1,24,24
392,2,3,17
392,3,6,30
392,4,27,12
392,5,5,31
392,6,11,0
392,7,13,29
392,8,3,46
392,9,27,43
392,10,16,48
392,11,0,46
393,-1,12,28
393,0,14,37
393,1,24,23
393,2,3,16
393,3,6,31
393,4,28,12
393,5,4,31
393,6,12,0
393,7,14,29
393,8,4,46
393,9,27,44
393,10,15,48
393,11,0,45
394,-1,12,29
394,0,14,36
394,1,25,23
394,2,4,16
394,3,5,31
394,4,28,11
394,5,4,30
394,6,12,0
394,7,14,28
394,8,4,45
394,9,26,44
394,10,14,48
394,11,0,45
395,-1,12,31
395,0,14,37
395,1,24,23
395,2,5,16
395,3,4,31
395,4,28,10
395,5,4,29
395,6,12,0
395,7,15,28
395,8,4,46
395,9,25,44
395,10,14,49
395,11,1,45
396,-1,12,31
396,0,15,37
396,1,24,22
396,2,6,16
396,3,4,32
396,4,28,11
396,5,4,28
396,6,12,0
396,7,14,28
396,8,3,46
396,9,24,44
396,10,14,50
396,11,0,45
397,-1,12,32
397,0,14,37
397,1,23,22
397,2,6,17
397,3,4,33
397,4,27,11
397,5,4,29
397,6,13,0
397,7,14,27
397,8,4,46
397,9,23,44
397,10,13,50
397,11,1,45
398,-1,12,32
398,0,15,37
398,1,23,23
398,2,5,17
398,3,4,32
398,4,26,11
398,5,3,29
398,6,13,0
398,7,15,27
398,8,3,46
398,9,24,44
398,10,13,50
398,11,2,45
399,-1,10,32
399,0,15,38
399,1,24,23
399,2,6,17
399,3,4,33
399,4,26,12
399,5,3,28
399,6,12,0
399,7,15,28
399,8,3,45
399,9,23,44
399,10,13,49
399,11,1,45
400,-1,9,32
400,0,15,39
400,1,24,24
400,2,6,16
400,3,3,33
400,4,26,13
400,5,3,29
400,6,12,1
400,7,14,28
400,8,2,45
400,9,22,44
400,10,13,50
400,11,1,44